{
  "project_info": {
    "project_number": "160418858088",
    "firebase_url": "https://webmobiledevelop-1541827604685.firebaseio.com",
    "project_id": "webmobiledevelop-1541827604685",
    "storage_bucket": "webmobiledevelop-1541827604685.appspot.com"
  },
  "client": [
    {
      "client_info": {
        "mobilesdk_app_id": "1:160418858088:android:e3738caa8d384c79",
        "android_client_info": {
          "package_name": "com.vijaya.firebase"
        }
      },
      "oauth_client": [
        {
          "client_id": "160418858088-cmnaibj0rc48bla95nb0t2273974m02u.apps.googleusercontent.com",
          "client_type": 3
        }
      ],
      "api_key": [
        {
          "current_key": "AIzaSyBDlUAWdLoambGLT1Qgd0RiEJhHF-zvQfs"
        }
      ],
      "services": {
        "analytics_service": {
          "status": 1
        },
        "appinvite_service": {
          "status": 1,
          "other_platform_oauth_client": []
        },
        "ads_service": {
          "status": 2
        }
      }
    }
  ],
  "configuration_version": "1"
}